Country Name,2020 [YR2020],2021 [YR2021],2022 [YR2022],,,,,,
Afghanistan,2078.60,1673.14,..,,,,,,
Albania,14437.17,16262.66,19496.21,,,,,,
Algeria,11452.23,12170.19,13226.79,,,,,,
American Samoa,..,..,..,,,,,,
Andorra,..,..,..,,,,,,
Angola,6367.44,6523.46,6976.01,,,,,,
Antigua and Barbuda,20130.17,22622.18,26365.47,,,,,,
Argentina,20797.73,23834.47,26530.32,,,,,,
Armenia,14105.91,15676.33,18965.73,,,,,,
Aruba,30873.67,41195.97,48750.32,,,,,,
Australia,54064.08,57406.18,65388.22,,,,,,
Austria,58610.83,63421.20,70975.72,,,,,,
Azerbaijan,14495.66,15927.21,17828.61,,,,,,
"Bahamas, The",27595.97,33614.74,40942.78,,,,,,
Bahrain,50682.76,54901.51,61248.18,,,,,,
Bangladesh,5904.57,6522.56,7397.55,,,,,,
Barbados,14788.33,15304.13,18210.13,,,,,,
Belarus,20317.23,21928.69,22550.64,,,,,,
Belgium,55756.67,62107.07,68253.33,,,,,,
Belize,8010.94,9740.07,11189.86,,,,,,
Benin,3364.97,3665.19,4057.45,,,,,,
Bermuda,80381.45,86699.25,95868.78,,,,,,
Bhutan,11802.32,12795.35,..,,,,,,
Bolivia,8110.11,8885.71,9737.68,,,,,,
Bosnia and Herzegovina,16276.05,18379.55,20950.20,,,,,,
Botswana,14303.76,16449.14,18329.85,,,,,,
Brazil,14900.10,16260.10,17827.64,,,,,,
British Virgin Islands,..,..,..,,,,,,
Brunei Darussalam,65054.19,66347.66,69297.93,,,,,,
Bulgaria,25736.22,29406.58,35469.87,,,,,,
Burkina Faso,2206.61,2401.23,2549.93,,,,,,
Burundi,751.20,787.94,836.46,,,,,,
Cabo Verde,6413.57,7014.40,8716.00,,,,,,
Cambodia,4515.71,4805.08,5355.17,,,,,,
Cameroon,3870.83,4071.05,4398.05,,,,,,
Canada,48380.68,55634.83,61380.20,,,,,,
Cayman Islands,71313.34,76580.74,84279.62,,,,,,
Central African Republic,895.25,924.91,973.25,,,,,,
Chad,1572.60,1572.97,1668.58,,,,,,
Channel Islands,..,..,..,,,,,,
Chile,25464.85,29148.24,31436.58,,,,,,
China,17209.44,19484.49,21482.56,,,,,,
Colombia,15416.33,17586.53,20951.54,,,,,,
Comoros,3402.87,3562.54,3833.74,,,,,,
"Congo, Dem. Rep.",1102.55,1184.72,1337.83,,,,,,
"Congo, Rep.",3958.92,4083.09,4335.06,,,,,,
Costa Rica,21716.87,23700.29,26181.14,,,,,,
Cote d'Ivoire,5377.39,5866.50,6540.46,,,,,,
Croatia,30447.16,36954.43,42171.18,,,,,,
Cuba,..,..,..,,,,,,
Curacao,21022.19,23272.91,27302.22,,,,,,
Cyprus,42798.02,48469.41,53785.75,,,,,,
Czechia,43922.52,48418.12,51695.18,,,,,,
Denmark,62529.25,69878.93,77953.68,,,,,,
Djibouti,5025.84,5412.67,5893.24,,,,,,
Dominica,10830.33,12027.05,13540.22,,,,,,
Dominican Republic,17707.69,20553.10,22841.09,,,,,,
Ecuador,10937.11,11772.53,12826.36,,,,,,
"Egypt, Arab Rep.",12661.18,13440.62,15095.99,,,,,,
El Salvador,8759.15,10140.97,11098.10,,,,,,
Equatorial Guinea,15888.28,16254.60,17620.74,,,,,,
Eritrea,..,..,..,,,,,,
Estonia,40096.48,45047.32,48168.40,,,,,,
Eswatini,8754.79,10026.80,10699.54,,,,,,
Ethiopia,2379.45,2559.10,2812.51,,,,,,
Faroe Islands,..,..,..,,,,,,
Fiji,11575.86,11453.42,14632.21,,,,,,
Finland,53668.82,57848.61,62823.04,,,,,,
France,49494.29,53834.80,57594.03,,,,,,
French Polynesia,..,..,..,,,,,,
Gabon,14682.06,15252.56,16464.97,,,,,,
"Gambia, The",2157.04,2291.40,2496.50,,,,,,
Georgia,14748.63,17088.88,20172.08,,,,,,
Germany,57905.18,61939.65,66616.02,,,,,,
Ghana,5558.36,5981.62,6473.09,,,,,,
Gibraltar,..,..,..,,,,,,
Greece,29088.21,33018.25,38922.47,,,,,,
Greenland,..,..,..,,,,,,
Grenada,13913.53,15104.46,17082.89,,,,,,
Guam,..,..,..,,,,,,
Guatemala,8859.01,9850.90,10821.76,,,,,,
Guinea,2749.98,2913.51,3188.08,,,,,,
Guinea-Bissau,1904.66,2020.85,2191.16,,,,,,
Guyana,19462.97,24193.57,42089.90,,,,,,
Haiti,3136.85,3179.26,3306.17,,,,,,
Honduras,5309.79,6148.66,6743.33,,,,,,
"Hong Kong SAR, China",59022.84,66248.81,69072.31,,,,,,
Hungary,35016.14,38643.76,43659.45,,,,,,
Iceland,55631.16,61481.37,71840.13,,,,,,
India,6517.76,7367.99,8400.38,,,,,,
Indonesia,12160.72,13086.39,14657.78,,,,,,
"Iran, Islamic Rep.",15240.77,16557.05,18261.85,,,,,,
Iraq,9343.73,9695.63,10865.42,,,,,,
Ireland,97066.71,114120.54,133822.76,,,,,,
Isle of Man,..,..,..,,,,,,
Israel,41204.48,46126.64,52133.61,,,,,,
Italy,44202.24,49912.84,55442.08,,,,,,
Jamaica,9721.97,10598.93,11938.90,,,,,,
Japan,42381.41,44291.98,46850.08,,,,,,
Jordan,9748.10,10350.49,11209.90,,,,,,
Kazakhstan,26782.10,28811.88,30820.09,,,,,,
Kenya,4749.28,5236.61,5765.82,,,,,,
Kiribati,2003.32,2215.73,2365.51,,,,,,
"Korea, Dem. People's Rep.",..,..,..,,,,,,
"Korea, Rep.",45142.76,48594.58,51666.38,,,,,,
Kosovo,11306.22,13113.70,14971.15,,,,,,
Kuwait,46382.90,50295.28,58349.21,,,,,,
Kyrgyz Republic,5059.00,5418.07,5988.61,,,,,,
Lao PDR,8198.84,8658.81,9387.37,,,,,,
Latvia,33733.07,36777.89,41624.66,,,,,,
Lebanon,14563.77,14330.52,..,,,,,,
Lesotho,2349.90,2470.98,2646.18,,,,,,
Liberia,1461.34,1570.47,..,,,,,,
Libya,16495.99,22371.38,23382.73,,,,,,
Liechtenstein,..,..,..,,,,,,
Lithuania,41168.21,46410.07,50968.94,,,,,,
Luxembourg,122114.10,137947.34,146457.02,,,,,,
"Macao SAR, China",57992.21,73734.08,61230.96,,,,,,
Madagascar,1516.65,1635.74,1774.66,,,,,,
Malawi,1573.04,1645.40,1732.60,,,,,,
Malaysia,27300.27,29139.37,33525.30,,,,,,
Maldives,14582.87,20698.43,25124.61,,,,,,
Mali,2242.79,2340.02,2518.95,,,,,,
Malta,46477.07,53387.24,58546.92,,,,,,
Marshall Islands,6045.39,6594.30,7092.03,,,,,,
Mauritania,5529.72,5674.29,6295.78,,,,,,
Mauritius,21365.11,23079.07,26979.05,,,,,,
Mexico,19471.50,21123.67,23900.38,,,,,,
"Micronesia, Fed. Sts.",3612.11,3664.49,3854.88,,,,,,
Moldova,12512.60,15121.72,15719.23,,,,,,
Monaco,..,..,..,,,,,,
Mongolia,12320.28,12875.63,14260.31,,,,,,
Montenegro,21004.74,24511.26,28324.57,,,,,,
Morocco,7969.44,8900.48,9547.66,,,,,,
Mozambique,1307.29,1359.31,1477.35,,,,,,
Myanmar,4972.30,4539.51,5019.74,,,,,,
Namibia,9548.23,10161.29,11531.30,,,,,,
Nauru,11418.56,12126.59,13021.40,,,,,,
Nepal,3972.52,4252.38,4726.61,,,,,,
Netherlands,61068.41,67693.33,74541.80,,,,,,
New Caledonia,..,..,..,,,,,,
New Zealand,45256.27,48555.55,52547.01,,,,,,
Nicaragua,5523.56,6280.92,6877.07,,,,,,
Niger,1282.57,1309.29,1505.54,,,,,,
Nigeria,5137.60,5431.92,5862.24,,,,,,
North Macedonia,17877.91,19902.82,21304.46,,,,,,
Northern Mariana Islands,..,..,..,,,,,,
Norway,67110.60,86892.00,121259.24,,,,,,
Oman,34952.16,37842.84,41738.16,,,,,,
Pakistan,5284.66,5774.90,6351.00,,,,,,
Palau,17323.43,15572.74,..,,,,,,
Panama,28096.61,33563.66,39292.69,,,,,,
Papua New Guinea,3951.25,4014.29,4432.79,,,,,,
Paraguay,14063.27,15091.33,15982.60,,,,,,
Peru,11813.99,13830.57,15052.50,,,,,,
Philippines,8208.67,8933.13,10136.55,,,,,,
Poland,36322.04,40462.69,46609.61,,,,,,
Portugal,35874.78,38783.01,44484.30,,,,,,
Puerto Rico,34254.94,36156.65,40510.99,,,,,,
Qatar,94005.36,102506.13,114049.23,,,,,,
Romania,34294.66,37971.05,43239.64,,,,,,
Russian Federation,30011.57,33185.67,34637.76,,,,,,
Rwanda,2182.22,2469.00,2793.19,,,,,,
Samoa,6402.05,6107.16,6089.56,,,,,,
San Marino,59521.38,67982.97,..,,,,,,
Sao Tome and Principe,3703.82,3864.79,4061.81,,,,,,
Saudi Arabia,47278.69,51607.01,59279.89,,,,,,
Senegal,3574.02,3874.95,4210.36,,,,,,
Serbia,20066.38,22575.42,25061.85,,,,,,
Seychelles,28200.77,30817.79,29771.75,,,,,,
Sierra Leone,1675.21,1781.93,1930.90,,,,,,
Singapore,100226.37,118887.82,127606.81,,,,,,
Sint Maarten (Dutch part),39063.82,42329.24,49540.86,,,,,,
Slovak Republic,34999.65,37795.00,41013.39,,,,,,
Slovenia,42040.91,46502.10,51281.86,,,,,,
Solomon Islands,2607.48,2645.35,2654.97,,,,,,
Somalia,1538.25,1609.09,1710.96,,,,,,
South Africa,13587.27,14717.69,15920.43,,,,,,
South Sudan,..,..,..,,,,,,
Spain,38967.34,43620.60,48685.50,,,,,,
Sri Lanka,13664.23,14621.52,14410.19,,,,,,
St. Kitts and Nevis,28172.68,29198.03,33981.84,,,,,,
St. Lucia,12303.80,14395.68,17835.70,,,,,,
St. Martin (French part),..,..,..,,,,,,
St. Vincent and the Grenadines,14457.78,15271.27,17212.43,,,,,,
Sudan,4091.84,4083.98,4217.42,,,,,,
Suriname,16187.63,16343.58,17773.48,,,,,,
Sweden,57690.32,63375.04,68178.03,,,,,,
Switzerland,72997.82,81603.21,90746.45,,,,,,
Syrian Arab Republic,..,..,..,,,,,,
Tajikistan,3856.50,4315.03,4886.74,,,,,,
Tanzania,2695.52,2851.77,3099.17,,,,,,
Thailand,17810.25,18855.02,20679.12,,,,,,
Timor-Leste,5134.01,5560.24,4657.38,,,,,,
Togo,2173.87,2351.31,2601.75,,,,,,
Tonga,6713.15,6778.50,..,,,,,,
Trinidad and Tobago,24703.32,25419.55,27515.53,,,,,,
Tunisia,10602.51,11471.46,12483.63,,,,,,
Turkiye,28680.20,31637.53,38355.15,,,,,,
Turkmenistan,..,..,..,,,,,,
Turks and Caicos Islands,19509.71,21808.25,24471.52,,,,,,
Tuvalu,4834.39,5080.77,5423.05,,,,,,
Uganda,2365.99,2478.82,2693.11,,,,,,
Ukraine,13102.80,14289.04,12675.44,,,,,,
United Arab Emirates,71458.64,77273.00,88488.98,,,,,,
United Kingdom,48005.88,52841.63,57460.51,,,,,,
United States,63528.63,70219.47,76329.58,,,,,,
Uruguay,23309.79,25663.41,28851.54,,,,,,
Uzbekistan,7822.66,8607.53,9535.67,,,,,,
Vanuatu,3008.55,3090.23,3290.57,,,,,,
"Venezuela, RB",..,..,..,,,,,,
Viet Nam,11036.00,11727.80,13461.01,,,,,,
Virgin Islands (U.S.),..,..,..,,,,,,
West Bank and Gaza,5705.16,6224.66,6759.02,,,,,,
"Yemen, Rep.",..,..,..,,,,,,
Zambia,3361.98,3627.53,3975.60,,,,,,
Zimbabwe,2101.80,2333.97,2607.93,,,,,,
